<NotepadPlus>
    <UserLang name="RGBASM" ext="asm inc" udlVersion="2.1">
        <Settings>
            <Global caseIgnored="yes" allowFoldOfComments="no" foldCompact="no" forcePureLC="0" decimalSeparator="0" />
            <Prefix Keywords1="no" Keywords2="no" Keywords3="no" Keywords4="no" Keywords5="no" Keywords6="no" Keywords7="no" Keywords8="no" />
        </Settings>
        <KeywordLists>
            <Keywords name="Comments">00; 01 02 03/* 04*/</Keywords>
            <Keywords name="Numbers, prefix1"></Keywords>
            <Keywords name="Numbers, prefix2">$ % &amp; `</Keywords>
            <Keywords name="Numbers, extras1">_ A B C D E F a b c d e f</Keywords>
            <Keywords name="Numbers, extras2"></Keywords>
            <Keywords name="Numbers, suffix1"></Keywords>
            <Keywords name="Numbers, suffix2"></Keywords>
            <Keywords name="Numbers, range"></Keywords>
            <Keywords name="Operators1">, ( ) [ ] ** ~ + - * / % &lt;&lt; &gt;&gt; &amp; | ^ != == &lt;= &gt;= &lt; &gt; &amp;&amp; || ! = \@ \# \1 \2 \3 \4 \5 \6 \7 \8 \9 \&lt;</Keywords>
            <Keywords name="Operators2"></Keywords>
            <Keywords name="Folders in code1, open"></Keywords>
            <Keywords name="Folders in code1, middle"></Keywords>
            <Keywords name="Folders in code1, close"></Keywords>
            <Keywords name="Folders in code2, open"></Keywords>
            <Keywords name="Folders in code2, middle"></Keywords>
            <Keywords name="Folders in code2, close"></Keywords>
            <Keywords name="Folders in comment, open"></Keywords>
            <Keywords name="Folders in comment, middle"></Keywords>
            <Keywords name="Folders in comment, close"></Keywords>
            <Keywords name="Keywords1">ADC ADD AND BIT CALL CCF CPL CP DAA DEC DI EI HALT INC JP JR LD LDI LDD LDIO LDH NOP OR POP PUSH RES RETI RET RLCA RLC RLA RL RRC RRCA RRA RR RST SBC SCF SET SLA SRA SRL STOP SUB SWAP XOR</Keywords>
            <Keywords name="Keywords2">AF BC DE HL SP HLD HLI A B C D E H L NZ Z NC</Keywords>
            <Keywords name="Keywords3">DEF FRAGMENT BANK ALIGN SIZEOF STARTOF ROUND CEIL FLOOR DIV MUL POW LOG SIN COS TAN ASIN ACOS ATAN ATAN2 HIGH LOW ISCONST STRCMP STRIN STRRIN STRSUB STRLEN STRCAT STRUPR STRLWR STRRPL STRFMT CHARLEN CHARSUB INCLUDE PRINT PRINTLN PRINTT PRINTI PRINTV PRINTF EXPORT DS DB DW DL SECTION ENDSECTION PURGE RSRESET RSSET INCBIN CHARMAP NEWCHARMAP SETCHARMAP INCHARMAP PUSHC POPC FAIL WARN FATAL ASSERT STATIC_ASSERT MACRO ENDM SHIFT REPT FOR ENDR BREAK LOAD ENDL IF ELSE ELIF ENDC UNION NEXTU ENDU RB RW RL EQU EQUS REDEF SET PUSHS POPS PUSHO POPO OPT</Keywords>
            <Keywords name="Keywords4">WRAM0 VRAM ROMX ROM0 HRAM WRAMX SRAM OAM</Keywords>
            <Keywords name="Keywords5">@ _RS _NARG __LINE__ __FILE__ __DATE__ __TIME__ __ISO_8601_LOCAL__ __ISO_8601_UTC__ __UTC_YEAR__ __UTC_MONTH__ __UTC_DAY__ __UTC_HOUR__ __UTC_MINUTE__ __UTC_SECOND__ __RGBDS_MAJOR__ __RGBDS_MINOR__ __RGBDS_PATCH__ __RGBDS_RC__ __RGBDS_VERSION__</Keywords>
            <Keywords name="Keywords6"></Keywords>
            <Keywords name="Keywords7"></Keywords>
            <Keywords name="Keywords8"></Keywords>
            <Keywords name="Delimiters">00&quot;&quot;&quot; 01\ 02&quot;&quot;&quot; 03&quot; 04\ 05&quot; 06#&quot; 07 08&quot; 09{ 10 11} 12 13 14 15 16 17 18 19 20 21 22 23</Keywords>
        </KeywordLists>
        <Styles>
            <WordsStyle name="DEFAULT" fgColor="D6D6D6" bgColor="2E2E2E" fontName="" fontStyle="0" nesting="0" />
            <WordsStyle name="COMMENTS" fgColor="797979" bgColor="2E2E2E" fontName="" fontStyle="0" nesting="0" />
            <WordsStyle name="LINE COMMENTS" fgColor="797979" bgColor="2E2E2E" fontName="" fontStyle="0" nesting="0" />
            <WordsStyle name="NUMBERS" fgColor="9E86C8" bgColor="2E2E2E" fontName="" fontStyle="0" nesting="0" />
            <WordsStyle name="KEYWORDS1" fgColor="6C99BB" bgColor="2E2E2E" fontName="" fontStyle="1" nesting="0" />
            <WordsStyle name="KEYWORDS2" fgColor="B4D273" bgColor="2E2E2E" fontName="" fontStyle="1" nesting="0" />
            <WordsStyle name="KEYWORDS3" fgColor="E87D3E" bgColor="2E2E2E" fontName="" fontStyle="0" nesting="0" />
            <WordsStyle name="KEYWORDS4" fgColor="D6D6D6" bgColor="2E2E2E" fontName="" fontStyle="1" nesting="0" />
            <WordsStyle name="KEYWORDS5" fgColor="B2B9BD" bgColor="2E2E2E" fontName="" fontStyle="0" nesting="0" />
            <WordsStyle name="KEYWORDS6" fgColor="D6D6D6" bgColor="2E2E2E" fontName="" fontStyle="0" nesting="0" />
            <WordsStyle name="KEYWORDS7" fgColor="D6D6D6" bgColor="2E2E2E" fontName="" fontStyle="0" nesting="0" />
            <WordsStyle name="KEYWORDS8" fgColor="D6D6D6" bgColor="2E2E2E" fontName="" fontStyle="0" nesting="0" />
            <WordsStyle name="OPERATORS" fgColor="B05279" bgColor="2E2E2E" fontName="" fontStyle="1" nesting="0" />
            <WordsStyle name="FOLDER IN CODE1" fgColor="D6D6D6" bgColor="2E2E2E" fontName="" fontStyle="0" nesting="0" />
            <WordsStyle name="FOLDER IN CODE2" fgColor="D6D6D6" bgColor="2E2E2E" fontName="" fontStyle="0" nesting="0" />
            <WordsStyle name="FOLDER IN COMMENT" fgColor="D6D6D6" bgColor="2E2E2E" fontName="" fontStyle="0" nesting="0" />
            <WordsStyle name="DELIMITERS1" fgColor="E5B567" bgColor="2E2E2E" fontName="" fontStyle="0" nesting="4" />
            <WordsStyle name="DELIMITERS2" fgColor="E5B567" bgColor="2E2E2E" fontName="" fontStyle="0" nesting="4" />
            <WordsStyle name="DELIMITERS3" fgColor="E5B567" bgColor="2E2E2E" fontName="" fontStyle="0" nesting="4" />
            <WordsStyle name="DELIMITERS4" fgColor="D6D6D6" bgColor="2E2E2E" fontName="" fontStyle="0" nesting="4" />
            <WordsStyle name="DELIMITERS5" fgColor="D6D6D6" bgColor="2E2E2E" fontName="" fontStyle="0" nesting="0" />
            <WordsStyle name="DELIMITERS6" fgColor="D6D6D6" bgColor="2E2E2E" fontName="" fontStyle="0" nesting="0" />
            <WordsStyle name="DELIMITERS7" fgColor="D6D6D6" bgColor="2E2E2E" fontName="" fontStyle="0" nesting="0" />
            <WordsStyle name="DELIMITERS8" fgColor="D6D6D6" bgColor="2E2E2E" fontName="" fontStyle="0" nesting="0" />
        </Styles>
    </UserLang>
</NotepadPlus>
